company_name,trade,website,address,city,phone,office_type,drop_in,notes
Birchfield Heating & Air Conditioning,HVAC,https://bryantnorthwest.com/contractors/birchfield-heating-air-conditioning-inc/,181 34th Ave SE,Albany OR 97321,,commercial,yes,Since 1935; Bryant dealer; likely one of the larger Albany shops
Midway Mechanical,HVAC,https://www.midwaymechanicalhvac.net/,2450 Three Lakes Rd SE Suite B,Albany OR 97322,(541) 928-2423,commercial,yes,Suite in a commercial building
Mike's Heating & Air Conditioning,HVAC,https://mikesac.com/,113 41st Ave SE,Albany OR 97322,,commercial,yes,Serving Albany since 1985
Albany Cooling and Heating,HVAC,,911 Central Ave,Albany OR,,verify,verify,Found only on Yelp; confirm it's still open and the address is an office
Albany Plumbing & Heating,Plumbing/Heating,,1420 Lawnridge St SW,Albany OR 97321,,verify,verify,Plumbing + heating; street looks residential; confirm before stopping
Pace Heating & Air,HVAC,https://paceresidential.com/,34101 Cushman Rd SW,Albany OR 97321,(541) 214-2450,rural - verify,verify,40+ years; rural address outside town; could be a shop on a property; Carrier dealer
Allied Heating & Cooling,HVAC,https://www.alliedheatingandcooling.com/,36769 Old Bridge Dr SE,Albany OR 97322,(541) 307-0219,likely home-based,no,Rural residential address; mail or call instead of dropping in
Wise Heating & Cooling,HVAC,https://www.wise-heating.com/,3345 NW Pineview Pl,Albany OR 97321,,likely home-based,no,Residential street; mail or call instead of dropping in
Hendrix Heating & Air Conditioning,HVAC,https://hendrixheating.com/,33551 Eagle Rd,Tangent OR 97389,,commercial - verify,optional,In Tangent (between Albany and Corvallis); family-owned since the 1950s; Albany Chamber member
